ArraySize,Hits,Misses,HitPercent,AvgTime,AvgFoundIndex
1000,14,29986,0.05,0.0000000906,322.86
2000,43,29957,0.14,0.0000000944,931.60
3000,46,29954,0.15,0.0000001002,1429.11
4000,73,29927,0.24,0.0000000990,1996.71
5000,62,29938,0.21,0.0000001015,2598.32
6000,99,29901,0.33,0.0000001006,2929.97
7000,111,29889,0.37,0.0000001092,3619.95
8000,113,29887,0.38,0.0000001049,3854.76
9000,140,29860,0.47,0.0000001119,4442.96
10000,137,29863,0.46,0.0000001153,5021.71
11000,154,29846,0.51,0.0000001102,5750.98
12000,192,29808,0.64,0.0000001137,6171.32
13000,209,29791,0.70,0.0000001118,6670.44
14000,189,29811,0.63,0.0000001123,7093.97
15000,232,29768,0.77,0.0000001134,7168.50
16000,218,29782,0.73,0.0000001132,7644.87
17000,266,29734,0.89,0.0000001115,8881.89
18000,271,29729,0.90,0.0000001215,8601.55
19000,274,29726,0.91,0.0000001214,9427.18
20000,310,29690,1.03,0.0000001218,10361.89
21000,338,29662,1.13,0.0000001166,10635.16
22000,290,29710,0.97,0.0000001304,10938.46
23000,328,29672,1.09,0.0000001294,11716.16
24000,338,29662,1.13,0.0000001207,13334.58
25000,392,29608,1.31,0.0000001130,12358.16
26000,383,29617,1.28,0.0000001200,13147.38
27000,439,29561,1.46,0.0000001223,12982.91
28000,374,29626,1.25,0.0000001199,13596.85
29000,439,29561,1.46,0.0000001810,14999.41
30000,470,29530,1.57,0.0000001247,15054.39
31000,482,29518,1.61,0.0000001276,16114.87
32000,480,29520,1.60,0.0000001226,15946.84
33000,508,29492,1.69,0.0000001280,17535.38
34000,528,29472,1.76,0.0000001230,16463.71
35000,505,29495,1.68,0.0000001311,17848.86
36000,490,29510,1.63,0.0000001227,17724.68
37000,524,29476,1.75,0.0000001346,16925.43
38000,540,29460,1.80,0.0000001255,18273.48
39000,600,29400,2.00,0.0000001562,18719.41
40000,592,29408,1.97,0.0000001707,19620.90
41000,589,29411,1.96,0.0000001359,19819.27
42000,602,29398,2.01,0.0000001204,20700.17
43000,612,29388,2.04,0.0000001246,21944.82
44000,660,29340,2.20,0.0000001334,21585.30
45000,682,29318,2.27,0.0000001306,23128.18
46000,645,29355,2.15,0.0000001315,22858.19
47000,695,29305,2.32,0.0000001263,23234.52
48000,731,29269,2.44,0.0000001290,24310.57
49000,735,29265,2.45,0.0000001271,24884.69
50000,741,29259,2.47,0.0000001280,25579.68
51000,743,29257,2.48,0.0000001226,25565.56
52000,767,29233,2.56,0.0000001266,26957.97
53000,749,29251,2.50,0.0000001327,27021.38
54000,774,29226,2.58,0.0000001274,27456.98
55000,776,29224,2.59,0.0000001277,27819.99
56000,813,29187,2.71,0.0000001358,28536.56
57000,835,29165,2.78,0.0000001290,28925.12
58000,816,29184,2.72,0.0000001298,28202.29
59000,822,29178,2.74,0.0000001276,28922.24
60000,873,29127,2.91,0.0000001290,29866.80
61000,838,29162,2.79,0.0000001316,30604.70
62000,915,29085,3.05,0.0000001561,30583.49
63000,930,29070,3.10,0.0000001199,32001.25
64000,965,29035,3.22,0.0000001298,31805.61
65000,939,29061,3.13,0.0000001320,33623.07
66000,970,29030,3.23,0.0000001292,32003.98
67000,992,29008,3.31,0.0000001319,33132.87
68000,1013,28987,3.38,0.0000001342,34578.31
69000,933,29067,3.11,0.0000001364,33830.12
70000,1001,28999,3.34,0.0000001238,35390.93
71000,1029,28971,3.43,0.0000001944,35721.11
72000,1052,28948,3.51,0.0000002035,35396.94
73000,1010,28990,3.37,0.0000001324,38148.87
74000,1096,28904,3.65,0.0000001307,36471.53
75000,1072,28928,3.57,0.0000001240,36609.85
76000,1072,28928,3.57,0.0000001334,36919.30
77000,1147,28853,3.82,0.0000001742,38950.73
78000,1110,28890,3.70,0.0000001387,39700.62
79000,1179,28821,3.93,0.0000001442,39270.54
80000,1150,28850,3.83,0.0000001280,40458.33
81000,1161,28839,3.87,0.0000001269,41516.71
82000,1244,28756,4.15,0.0000001363,40482.15
83000,1253,28747,4.18,0.0000001310,40729.63
84000,1196,28804,3.99,0.0000001342,42905.77
85000,1276,28724,4.25,0.0000001397,42234.51
86000,1290,28710,4.30,0.0000001425,42817.50
87000,1207,28793,4.02,0.0000001351,42661.48
88000,1305,28695,4.35,0.0000001338,43852.36
89000,1348,28652,4.49,0.0000001333,44538.15
90000,1308,28692,4.36,0.0000001350,44777.59
91000,1333,28667,4.44,0.0000001282,45940.53
92000,1372,28628,4.57,0.0000001339,45932.87
93000,1310,28690,4.37,0.0000001349,45950.64
94000,1440,28560,4.80,0.0000001366,48128.26
95000,1339,28661,4.46,0.0000001358,47839.98
96000,1429,28571,4.76,0.0000001347,48047.34
97000,1372,28628,4.57,0.0000001361,48023.98
98000,1408,28592,4.69,0.0000001348,49835.07
99000,1433,28567,4.78,0.0000001418,50378.60
100000,1495,28505,4.98,0.0000001350,50188.77
101000,1490,28510,4.97,0.0000001357,51845.72
102000,1532,28468,5.11,0.0000001421,50241.40
103000,1452,28548,4.84,0.0000001352,51683.66
104000,1479,28521,4.93,0.0000001370,51873.10
105000,1579,28421,5.26,0.0000001384,51564.48
106000,1526,28474,5.09,0.0000001375,53663.26
107000,1605,28395,5.35,0.0000001420,54192.58
108000,1567,28433,5.22,0.0000001366,53294.86
109000,1502,28498,5.01,0.0000001361,53959.93
110000,1576,28424,5.25,0.0000001357,54764.74
111000,1594,28406,5.31,0.0000001356,55323.19
112000,1660,28340,5.53,0.0000001352,57018.17
113000,1662,28338,5.54,0.0000001366,55293.56
114000,1697,28303,5.66,0.0000001434,57516.00
115000,1663,28337,5.54,0.0000001404,56580.22
116000,1699,28301,5.66,0.0000001347,58231.58
117000,1745,28255,5.82,0.0000001409,57772.85
118000,1746,28254,5.82,0.0000001351,57638.08
119000,1658,28342,5.53,0.0000001393,60182.82
120000,1786,28214,5.95,0.0000001355,60037.54
121000,1809,28191,6.03,0.0000001367,60896.56
122000,1790,28210,5.97,0.0000001276,60241.71
123000,1746,28254,5.82,0.0000001290,60310.77
124000,1863,28137,6.21,0.0000001388,62202.01
125000,1765,28235,5.88,0.0000001387,60864.93
126000,1912,28088,6.37,0.0000001321,63420.62
127000,1747,28253,5.82,0.0000001361,63607.01
128000,1855,28145,6.18,0.0000001297,64070.57
129000,1944,28056,6.48,0.0000001385,65561.51
130000,1882,28118,6.27,0.0000001444,65215.14
131000,1943,28057,6.48,0.0000001404,64292.28
132000,1887,28113,6.29,0.0000001395,65097.99
133000,1889,28111,6.30,0.0000001398,65737.11
134000,1963,28037,6.54,0.0000001375,67201.90
135000,2014,27986,6.71,0.0000001329,67787.17
136000,2055,27945,6.85,0.0000001366,67446.52
137000,1961,28039,6.54,0.0000001305,69659.25
138000,1952,28048,6.51,0.0000002089,69802.41
139000,1959,28041,6.53,0.0000001384,69930.02
140000,1967,28033,6.56,0.0000001389,70114.42
141000,2021,27979,6.74,0.0000001371,70406.75
142000,2106,27894,7.02,0.0000001413,70632.40
143000,2093,27907,6.98,0.0000001473,70397.64
144000,2102,27898,7.01,0.0000001436,71809.43
145000,2088,27912,6.96,0.0000001399,73678.61
146000,2142,27858,7.14,0.0000001402,73943.41
147000,2147,27853,7.16,0.0000001401,73580.74
148000,2128,27872,7.09,0.0000001439,74104.88
149000,2099,27901,7.00,0.0000001397,75655.03
150000,2154,27846,7.18,0.0000001438,75617.96
151000,2183,27817,7.28,0.0000001450,75439.44
152000,2267,27733,7.56,0.0000001400,76008.05
153000,2279,27721,7.60,0.0000001400,75003.49
154000,2181,27819,7.27,0.0000001330,76323.11
155000,2274,27726,7.58,0.0000001432,76868.18
156000,2290,27710,7.63,0.0000001371,76407.80
157000,2324,27676,7.75,0.0000001341,78880.81
158000,2281,27719,7.60,0.0000001430,77789.43
159000,2231,27769,7.44,0.0000001390,78167.19
160000,2211,27789,7.37,0.0000002662,80670.00
161000,2299,27701,7.66,0.0000001483,81552.23
162000,2309,27691,7.70,0.0000001451,82131.13
163000,2340,27660,7.80,0.0000001443,81475.44
164000,2347,27653,7.82,0.0000001434,82151.67
165000,2369,27631,7.90,0.0000001450,83575.44
166000,2393,27607,7.98,0.0000001533,84243.85
167000,2387,27613,7.96,0.0000001473,84162.55
168000,2417,27583,8.06,0.0000001403,82737.88
169000,2430,27570,8.10,0.0000001421,83135.56
170000,2399,27601,8.00,0.0000001500,84264.00
171000,2430,27570,8.10,0.0000001537,86423.97
172000,2460,27540,8.20,0.0000001344,85129.67
173000,2500,27500,8.33,0.0000001422,84837.62
174000,2444,27556,8.15,0.0000001455,88437.91
175000,2495,27505,8.32,0.0000001438,86255.80
176000,2544,27456,8.48,0.0000001349,89561.01
177000,2619,27381,8.73,0.0000001420,87122.70
178000,2503,27497,8.34,0.0000001435,90119.95
179000,2556,27444,8.52,0.0000001421,87300.52
180000,2571,27429,8.57,0.0000001442,89876.93
181000,2642,27358,8.81,0.0000001429,90397.10
182000,2608,27392,8.69,0.0000001377,90711.93
183000,2648,27352,8.83,0.0000001435,90664.86
184000,2576,27424,8.59,0.0000001446,93839.67
185000,2587,27413,8.62,0.0000001409,93790.12
186000,2645,27355,8.82,0.0000001371,92743.05
187000,2668,27332,8.89,0.0000001483,92967.84
188000,2665,27335,8.88,0.0000001373,93883.49
189000,2723,27277,9.08,0.0000001363,95767.85
190000,2712,27288,9.04,0.0000001458,94322.55
191000,2773,27227,9.24,0.0000001429,94920.49
192000,2728,27272,9.09,0.0000001467,97631.46
193000,2867,27133,9.56,0.0000001442,97366.13
194000,2793,27207,9.31,0.0000001393,94733.96
195000,2761,27239,9.20,0.0000001403,95450.53
196000,2711,27289,9.04,0.0000001440,98023.03
197000,2940,27060,9.80,0.0000001434,99140.10
198000,2753,27247,9.18,0.0000001392,98047.74
199000,2869,27131,9.56,0.0000001365,101106.12
200000,2909,27091,9.70,0.0000001471,98997.21
201000,2848,27152,9.49,0.0000001405,100875.13
202000,2869,27131,9.56,0.0000001448,101334.09
203000,2861,27139,9.54,0.0000001340,100372.27
204000,2912,27088,9.71,0.0000001492,104290.53
205000,2975,27025,9.92,0.0000001437,100791.85
206000,2971,27029,9.90,0.0000001353,101785.23
207000,2850,27150,9.50,0.0000001394,103761.95
208000,2887,27113,9.62,0.0000001436,101808.72
209000,2980,27020,9.93,0.0000001502,105752.10
210000,2929,27071,9.76,0.0000001397,105113.76
211000,3017,26983,10.06,0.0000001464,103488.19
212000,3009,26991,10.03,0.0000001449,106392.11
213000,3023,26977,10.08,0.0000001454,105769.01
214000,2920,27080,9.73,0.0000001427,106356.63
215000,3075,26925,10.25,0.0000001543,107073.37
216000,3107,26893,10.36,0.0000001371,108130.01
217000,3106,26894,10.35,0.0000001410,107602.46
218000,3114,26886,10.38,0.0000001365,107991.12
219000,3162,26838,10.54,0.0000001467,109734.79
220000,3153,26847,10.51,0.0000001441,110707.16
221000,3054,26946,10.18,0.0000001422,111257.68
222000,3114,26886,10.38,0.0000001838,108486.63
223000,3174,26826,10.58,0.0000001538,110582.20
224000,3235,26765,10.78,0.0000003030,112053.51
225000,3172,26828,10.57,0.0000001513,111441.78
226000,3245,26755,10.82,0.0000001463,113855.13
227000,3303,26697,11.01,0.0000001488,112222.32
228000,3227,26773,10.76,0.0000001481,111674.37
229000,3289,26711,10.96,0.0000001482,113659.23
230000,3260,26740,10.87,0.0000001586,115018.20
231000,3359,26641,11.20,0.0000001485,115177.70
232000,3264,26736,10.88,0.0000001937,115985.26
233000,3293,26707,10.98,0.0000001679,116598.59
234000,3319,26681,11.06,0.0000002046,116854.07
235000,3360,26640,11.20,0.0000001495,116091.65
236000,3389,26611,11.30,0.0000001481,118991.56
237000,3299,26701,11.00,0.0000001478,118983.81
238000,3399,26601,11.33,0.0000001375,117285.78
239000,3411,26589,11.37,0.0000001513,120107.71
240000,3471,26529,11.57,0.0000001536,118902.49
241000,3449,26551,11.50,0.0000001618,119200.58
242000,3368,26632,11.23,0.0000001582,120705.09
243000,3502,26498,11.67,0.0000001593,122827.89
244000,3511,26489,11.70,0.0000001604,121954.72
245000,3424,26576,11.41,0.0000001592,121822.08
246000,3452,26548,11.51,0.0000001505,122501.08
247000,3483,26517,11.61,0.0000001452,123419.69
248000,3429,26571,11.43,0.0000001540,123518.67
249000,3496,26504,11.65,0.0000001474,126472.87
250000,3521,26479,11.74,0.0000002259,127100.83
251000,3557,26443,11.86,0.0000001571,125221.77
252000,3550,26450,11.83,0.0000001465,126784.67
253000,3518,26482,11.73,0.0000001482,126640.35
254000,3581,26419,11.94,0.0000001524,127476.51
255000,3631,26369,12.10,0.0000001525,126418.10
256000,3570,26430,11.90,0.0000001513,127740.47
257000,3643,26357,12.14,0.0000001503,129423.77
258000,3593,26407,11.98,0.0000001612,129253.08
259000,3700,26300,12.33,0.0000001523,128403.05
260000,3649,26351,12.16,0.0000001531,130768.30
261000,3595,26405,11.98,0.0000001487,129841.13
262000,3668,26332,12.23,0.0000001589,130868.62
263000,3638,26362,12.13,0.0000001551,130585.38
264000,3678,26322,12.26,0.0000001505,133686.26
265000,3720,26280,12.40,0.0000002034,133522.53
266000,3637,26363,12.12,0.0000001509,133036.57
267000,3805,26195,12.68,0.0000001484,131199.84
268000,3847,26153,12.82,0.0000001540,132985.69
269000,3719,26281,12.40,0.0000001419,134912.62
270000,3732,26268,12.44,0.0000001477,135594.08
271000,3740,26260,12.47,0.0000001452,135225.63
272000,3721,26279,12.40,0.0000001533,134520.78
273000,3798,26202,12.66,0.0000001498,139082.72
274000,3861,26139,12.87,0.0000001533,136542.28
275000,3836,26164,12.79,0.0000001568,138400.48
276000,3880,26120,12.93,0.0000001552,139877.72
277000,3900,26100,13.00,0.0000001601,137281.75
278000,3997,26003,13.32,0.0000001614,138162.48
279000,3841,26159,12.80,0.0000001404,141220.35
280000,3929,26071,13.10,0.0000001458,140110.94
281000,3953,26047,13.18,0.0000001447,140647.01
282000,3941,26059,13.14,0.0000001437,142442.58
283000,3871,26129,12.90,0.0000001423,142393.85
284000,4017,25983,13.39,0.0000001548,141278.71
285000,3915,26085,13.05,0.0000001660,141296.18
286000,3890,26110,12.97,0.0000001863,140803.26
287000,3935,26065,13.12,0.0000001873,144874.20
288000,4159,25841,13.86,0.0000001682,144959.05
289000,3970,26030,13.23,0.0000001523,144729.14
290000,3988,26012,13.29,0.0000001618,144971.89
291000,4098,25902,13.66,0.0000001541,144253.56
292000,4142,25858,13.81,0.0000001653,146658.94
293000,4026,25974,13.42,0.0000001536,146761.97
294000,4184,25816,13.95,0.0000002141,147927.89
295000,4172,25828,13.91,0.0000001525,146992.40
296000,4088,25912,13.63,0.0000001706,147675.73
297000,4110,25890,13.70,0.0000001512,147906.10
298000,4089,25911,13.63,0.0000001554,150113.70
299000,4184,25816,13.95,0.0000001559,150336.03
300000,4220,25780,14.07,0.0000002100,149597.95
301000,4135,25865,13.78,0.0000001628,152732.12
302000,4192,25808,13.97,0.0000001537,153093.56
303000,4135,25865,13.78,0.0000001598,152572.53
304000,4303,25697,14.34,0.0000001692,150993.90
305000,4184,25816,13.95,0.0000001636,150919.78
306000,4244,25756,14.15,0.0000001667,152235.11
307000,4206,25794,14.02,0.0000001656,152741.07
308000,4281,25719,14.27,0.0000001479,152941.66
309000,4241,25759,14.14,0.0000001569,153420.77
310000,4301,25699,14.34,0.0000001584,154423.49
311000,4268,25732,14.23,0.0000001470,155127.58
312000,4323,25677,14.41,0.0000001436,157334.01
313000,4304,25696,14.35,0.0000001557,157147.59
314000,4339,25661,14.46,0.0000001460,156681.60
315000,4420,25580,14.73,0.0000001546,156515.49
316000,4382,25618,14.61,0.0000001450,160312.85
317000,4349,25651,14.50,0.0000001516,156666.05
318000,4537,25463,15.12,0.0000001538,159253.04
319000,4510,25490,15.03,0.0000001477,158157.14
320000,4318,25682,14.39,0.0000001610,161353.53
321000,4401,25599,14.67,0.0000001557,160070.04
322000,4401,25599,14.67,0.0000001621,159795.07
323000,4466,25534,14.89,0.0000001652,159829.31
324000,4413,25587,14.71,0.0000001619,162875.59
325000,4369,25631,14.56,0.0000001590,163714.03
326000,4320,25680,14.40,0.0000001524,162401.26
327000,4511,25489,15.04,0.0000001546,162939.78
328000,4586,25414,15.29,0.0000001460,163719.75
329000,4480,25520,14.93,0.0000001601,165987.83
330000,4475,25525,14.92,0.0000001553,164231.95
331000,4547,25453,15.16,0.0000001791,166140.19
332000,4630,25370,15.43,0.0000001435,167033.55
333000,4472,25528,14.91,0.0000001571,167926.17
334000,4647,25353,15.49,0.0000001570,165821.36
335000,4532,25468,15.11,0.0000001486,169654.31
336000,4577,25423,15.26,0.0000001533,168151.62
337000,4705,25295,15.68,0.0000001535,168428.90
338000,4616,25384,15.39,0.0000001720,170124.94
339000,4757,25243,15.86,0.0000001750,169641.15
340000,4562,25438,15.21,0.0000001607,169675.57
341000,4709,25291,15.70,0.0000001842,168663.36
342000,4714,25286,15.71,0.0000001614,171804.00
343000,4669,25331,15.56,0.0000001649,172580.44
344000,4719,25281,15.73,0.0000001542,172938.74
345000,4767,25233,15.89,0.0000001566,171529.02
346000,4852,25148,16.17,0.0000001637,170914.18
347000,4741,25259,15.80,0.0000001464,174160.19
348000,4751,25249,15.84,0.0000001529,176741.99
349000,4817,25183,16.06,0.0000001481,175802.96
350000,4899,25101,16.33,0.0000001624,175781.50
351000,4957,25043,16.52,0.0000001545,175916.98
352000,4757,25243,15.86,0.0000001615,173567.16
353000,4852,25148,16.17,0.0000001608,178201.86
354000,4896,25104,16.32,0.0000001520,175814.37
355000,4896,25104,16.32,0.0000001734,179916.65
356000,4846,25154,16.15,0.0000001867,178191.78
357000,4872,25128,16.24,0.0000001608,181297.49
358000,4955,25045,16.52,0.0000001526,179455.27
359000,4943,25057,16.48,0.0000001630,179662.52
360000,4958,25042,16.53,0.0000001566,180992.50
361000,4937,25063,16.46,0.0000001502,181205.79
362000,4853,25147,16.18,0.0000001600,180277.50
363000,4986,25014,16.62,0.0000001555,183855.07
364000,4962,25038,16.54,0.0000001573,181405.95
365000,4937,25063,16.46,0.0000001534,184984.28
366000,5029,24971,16.76,0.0000001604,181210.34
367000,5030,24970,16.77,0.0000001629,182686.74
368000,4957,25043,16.52,0.0000001848,182856.32
369000,5011,24989,16.70,0.0000001673,186625.62
370000,4937,25063,16.46,0.0000001616,187290.32
371000,4982,25018,16.61,0.0000001597,185445.11
372000,5000,25000,16.67,0.0000001744,185153.88
373000,5141,24859,17.14,0.0000001601,187754.82
374000,5062,24938,16.87,0.0000001694,186425.61
375000,5149,24851,17.16,0.0000001764,185949.52
376000,5112,24888,17.04,0.0000001795,187819.07
377000,5202,24798,17.34,0.0000001696,188761.42
378000,5162,24838,17.21,0.0000001597,191658.03
379000,5127,24873,17.09,0.0000001593,187788.54
380000,5064,24936,16.88,0.0000001539,191545.80
381000,5109,24891,17.03,0.0000001689,191675.52
382000,5096,24904,16.99,0.0000001518,190405.87
383000,5213,24787,17.38,0.0000001513,190348.77
384000,5201,24799,17.34,0.0000001643,194459.47
385000,5157,24843,17.19,0.0000001837,194243.28
386000,5244,24756,17.48,0.0000001580,192963.89
387000,5210,24790,17.37,0.0000001649,195703.24
388000,5231,24769,17.44,0.0000001574,195449.97
389000,5319,24681,17.73,0.0000001581,194177.30
390000,5292,24708,17.64,0.0000001632,197083.36
391000,5270,24730,17.57,0.0000002523,195544.28
392000,5261,24739,17.54,0.0000001575,199203.37
393000,5304,24696,17.68,0.0000001549,196196.73
394000,5433,24567,18.11,0.0000001651,200663.36
395000,5431,24569,18.10,0.0000001552,198006.92
396000,5352,24648,17.84,0.0000001502,201036.39
397000,5382,24618,17.94,0.0000001655,199218.92
398000,5409,24591,18.03,0.0000001969,200426.68
399000,5516,24484,18.39,0.0000001498,200829.14
400000,5643,24357,18.81,0.0000001574,199297.63
401000,5463,24537,18.21,0.0000001553,200212.55
402000,5419,24581,18.06,0.0000001587,202074.14
403000,5600,24400,18.67,0.0000001581,201163.82
404000,5404,24596,18.01,0.0000001510,204123.78
405000,5417,24583,18.06,0.0000001614,201834.68
406000,5570,24430,18.57,0.0000001516,202459.21
407000,5542,24458,18.47,0.0000001475,203870.54
408000,5530,24470,18.43,0.0000001505,204295.25
409000,5508,24492,18.36,0.0000001579,205598.33
410000,5483,24517,18.28,0.0000001564,204477.67
411000,5580,24420,18.60,0.0000001525,206015.01
412000,5592,24408,18.64,0.0000001523,205018.06
413000,5548,24452,18.49,0.0000001506,207850.41
414000,5683,24317,18.94,0.0000001699,207595.56
415000,5612,24388,18.71,0.0000001479,207388.09
416000,5611,24389,18.70,0.0000001603,208878.87
417000,5712,24288,19.04,0.0000001507,208391.15
418000,5716,24284,19.05,0.0000001491,209121.37
419000,5629,24371,18.76,0.0000001534,213102.01
420000,5724,24276,19.08,0.0000001513,209884.57
421000,5680,24320,18.93,0.0000001539,211062.71
422000,5820,24180,19.40,0.0000001546,212931.01
423000,5620,24380,18.73,0.0000001636,210623.74
424000,5657,24343,18.86,0.0000001526,214982.63
425000,5772,24228,19.24,0.0000001539,213719.83
426000,5745,24255,19.15,0.0000001540,211285.72
427000,5810,24190,19.37,0.0000001537,212736.47
428000,5693,24307,18.98,0.0000001507,213922.90
429000,5864,24136,19.55,0.0000001548,213750.75
430000,5925,24075,19.75,0.0000001498,215161.04
431000,5877,24123,19.59,0.0000001550,218403.80
432000,5775,24225,19.25,0.0000001495,215033.73
433000,5737,24263,19.12,0.0000001504,217086.88
434000,5804,24196,19.35,0.0000001660,220098.56
435000,5849,24151,19.50,0.0000001500,216149.36
436000,5856,24144,19.52,0.0000001582,218175.83
437000,5907,24093,19.69,0.0000001515,217355.26
438000,5831,24169,19.44,0.0000001531,218644.31
439000,6034,23966,20.11,0.0000001482,220818.51
440000,5924,24076,19.75,0.0000001504,218966.18
441000,5885,24115,19.62,0.0000001765,223426.36
442000,5896,24104,19.65,0.0000001487,220262.24
443000,5958,24042,19.86,0.0000001536,223890.85
444000,6094,23906,20.31,0.0000001475,223278.67
445000,5892,24108,19.64,0.0000001529,223235.33
446000,5909,24091,19.70,0.0000001583,221124.35
447000,5990,24010,19.97,0.0000001522,221647.43
448000,5991,24009,19.97,0.0000001534,222602.02
449000,6032,23968,20.11,0.0000001590,225104.18
450000,5929,24071,19.76,0.0000001503,227734.97
451000,6009,23991,20.03,0.0000001527,227542.58
452000,6095,23905,20.32,0.0000001614,228256.58
453000,6126,23874,20.42,0.0000001532,227346.25
454000,6182,23818,20.61,0.0000001721,226895.77
455000,6143,23857,20.48,0.0000001526,226500.80
456000,6070,23930,20.23,0.0000001608,227388.82
457000,6118,23882,20.39,0.0000001517,228781.43
458000,6183,23817,20.61,0.0000001541,228674.32
459000,6029,23971,20.10,0.0000001560,228482.91
460000,6102,23898,20.34,0.0000001530,231591.60
461000,6242,23758,20.81,0.0000001547,231636.84
462000,6242,23758,20.81,0.0000001521,229019.79
463000,6221,23779,20.74,0.0000001546,232380.95
464000,6304,23696,21.01,0.0000001534,230404.21
465000,6217,23783,20.72,0.0000001622,233417.09
466000,6318,23682,21.06,0.0000001540,237519.10
467000,6248,23752,20.83,0.0000001541,234514.75
468000,6198,23802,20.66,0.0000001536,234808.00
469000,6415,23585,21.38,0.0000001657,232509.33
470000,6345,23655,21.15,0.0000001571,235035.65
471000,6329,23671,21.10,0.0000001552,233167.87
472000,6322,23678,21.07,0.0000001633,237306.16
473000,6312,23688,21.04,0.0000001658,233503.29
474000,6160,23840,20.53,0.0000001588,237903.55
475000,6438,23562,21.46,0.0000001591,234259.91
476000,6348,23652,21.16,0.0000001616,238992.41
477000,6306,23694,21.02,0.0000001556,238927.39
478000,6272,23728,20.91,0.0000001567,240654.75
479000,6277,23723,20.92,0.0000001603,239774.02
480000,6458,23542,21.53,0.0000001485,237258.19
481000,6424,23576,21.41,0.0000001537,240158.50
482000,6441,23559,21.47,0.0000001512,240587.14
483000,6516,23484,21.72,0.0000001571,247422.65
484000,6431,23569,21.44,0.0000001500,241978.61
485000,6510,23490,21.70,0.0000001566,240928.04
486000,6331,23669,21.10,0.0000002365,242908.21
487000,6528,23472,21.76,0.0000001640,243292.91
488000,6549,23451,21.83,0.0000001729,242029.63
489000,6467,23533,21.56,0.0000001714,242374.22
490000,6573,23427,21.91,0.0000001648,242353.25
491000,6447,23553,21.49,0.0000001566,246047.52
492000,6518,23482,21.73,0.0000001576,243502.02
493000,6504,23496,21.68,0.0000001577,244855.40
494000,6666,23334,22.22,0.0000001579,246297.74
495000,6511,23489,21.70,0.0000001774,248665.13
496000,6635,23365,22.12,0.0000001507,247171.73
497000,6571,23429,21.90,0.0000001521,247063.27
498000,6515,23485,21.72,0.0000001527,247912.15
499000,6583,23417,21.94,0.0000001514,248476.86
500000,6681,23319,22.27,0.0000001589,249961.11
501000,6714,23286,22.38,0.0000001505,247546.57
502000,6762,23238,22.54,0.0000001578,253387.24
503000,6804,23196,22.68,0.0000001526,250706.93
504000,6712,23288,22.37,0.0000001519,252198.28
505000,6707,23293,22.36,0.0000001653,256494.30
506000,6674,23326,22.25,0.0000001653,252563.97
507000,6674,23326,22.25,0.0000001545,253322.20
508000,6723,23277,22.41,0.0000001560,254914.08
509000,6730,23270,22.43,0.0000001524,256021.85
510000,6737,23263,22.46,0.0000001520,253486.49
511000,6780,23220,22.60,0.0000001499,256221.78
512000,6806,23194,22.69,0.0000001544,258022.36
513000,6903,23097,23.01,0.0000001492,255387.07
514000,6766,23234,22.55,0.0000001687,258003.41
515000,6771,23229,22.57,0.0000001610,256932.39
516000,6732,23268,22.44,0.0000001592,258321.45
517000,6800,23200,22.67,0.0000001621,256551.45
518000,6732,23268,22.44,0.0000001517,257322.26
519000,6783,23217,22.61,0.0000001535,257239.41
520000,6883,23117,22.94,0.0000001513,257915.93
521000,6861,23139,22.87,0.0000001691,262529.94
522000,6767,23233,22.56,0.0000001571,259871.02
523000,6844,23156,22.81,0.0000001615,261962.66
524000,6895,23105,22.98,0.0000001602,261985.78
525000,7078,22922,23.59,0.0000001560,265771.32
526000,7067,22933,23.56,0.0000001543,262212.82
527000,6851,23149,22.84,0.0000001589,264271.57
528000,6986,23014,23.29,0.0000001580,261714.24
529000,7117,22883,23.72,0.0000001545,260833.26
530000,6988,23012,23.29,0.0000001514,265171.54
531000,6975,23025,23.25,0.0000001590,270768.99
532000,7143,22857,23.81,0.0000001555,263812.79
533000,6946,23054,23.15,0.0000001536,268168.89
534000,6946,23054,23.15,0.0000001506,265402.42
535000,7024,22976,23.41,0.0000001544,266761.83
536000,6995,23005,23.32,0.0000001618,267761.46
537000,7025,22975,23.42,0.0000001525,272606.11
538000,7046,22954,23.49,0.0000001535,269081.55
539000,7129,22871,23.76,0.0000001565,269710.57
540000,7112,22888,23.71,0.0000001534,270787.76
541000,7046,22954,23.49,0.0000001568,270000.34
542000,7087,22913,23.62,0.0000001532,270715.55
543000,7270,22730,24.23,0.0000001534,273330.22
544000,7143,22857,23.81,0.0000001566,272719.65
545000,7137,22863,23.79,0.0000001536,271362.34
546000,7235,22765,24.12,0.0000001584,276514.95
547000,7199,22801,24.00,0.0000001539,274122.80
548000,7287,22713,24.29,0.0000001517,273510.86
549000,7119,22881,23.73,0.0000001625,274545.89
550000,7216,22784,24.05,0.0000001514,276026.17
551000,7214,22786,24.05,0.0000001593,276330.19
552000,7173,22827,23.91,0.0000001611,275493.94
553000,7179,22821,23.93,0.0000001633,276520.06
554000,7241,22759,24.14,0.0000001542,274736.29
555000,7263,22737,24.21,0.0000001540,280961.50
556000,7253,22747,24.18,0.0000001526,273138.96
557000,7364,22636,24.55,0.0000001641,278610.17
558000,7392,22608,24.64,0.0000001544,279647.68
559000,7311,22689,24.37,0.0000001592,280389.76
560000,7321,22679,24.40,0.0000001541,279571.90
561000,7367,22633,24.56,0.0000001581,282239.58
562000,7330,22670,24.43,0.0000001522,280452.62
563000,7449,22551,24.83,0.0000001592,281695.75
564000,7457,22543,24.86,0.0000001704,282188.31
565000,7334,22666,24.45,0.0000001579,281666.80
566000,7384,22616,24.61,0.0000001581,282761.35
567000,7318,22682,24.39,0.0000001530,280498.29
568000,7346,22654,24.49,0.0000001629,285934.34
569000,7447,22553,24.82,0.0000001536,287792.99
570000,7344,22656,24.48,0.0000001682,284297.27
571000,7489,22511,24.96,0.0000001595,287240.74
572000,7531,22469,25.10,0.0000001569,286414.85
573000,7410,22590,24.70,0.0000001592,286552.65
574000,7346,22654,24.49,0.0000001627,284085.69
575000,7576,22424,25.25,0.0000001541,286230.70
576000,7469,22531,24.90,0.0000001653,285848.26
577000,7455,22545,24.85,0.0000001532,287462.36
578000,7553,22447,25.18,0.0000001663,288377.99
579000,7549,22451,25.16,0.0000001554,293182.14
580000,7610,22390,25.37,0.0000001598,291576.45
581000,7308,22692,24.36,0.0000001898,289142.10
582000,7529,22471,25.10,0.0000001813,291782.06
583000,7457,22543,24.86,0.0000001802,292446.55
584000,7627,22373,25.42,0.0000001754,288256.69
585000,7524,22476,25.08,0.0000001575,290290.27
586000,7547,22453,25.16,0.0000001668,293679.94
587000,7651,22349,25.50,0.0000001535,292587.69
588000,7617,22383,25.39,0.0000001569,289703.40
589000,7520,22480,25.07,0.0000001678,293150.68
590000,7593,22407,25.31,0.0000001650,294280.26
591000,7699,22301,25.66,0.0000001650,293941.40
592000,7832,22168,26.11,0.0000001563,295989.86
593000,7623,22377,25.41,0.0000001553,297398.69
594000,7639,22361,25.46,0.0000001558,297467.77
595000,7735,22265,25.78,0.0000001579,294205.67
596000,7740,22260,25.80,0.0000001549,301713.84
597000,7601,22399,25.34,0.0000001555,300331.37
598000,7766,22234,25.89,0.0000001615,299600.01
599000,7739,22261,25.80,0.0000001712,301071.93
600000,7737,22263,25.79,0.0000001704,299804.70
601000,7764,22236,25.88,0.0000001567,300110.40
602000,7794,22206,25.98,0.0000001573,300096.32
603000,7798,22202,25.99,0.0000001573,300611.32
604000,7752,22248,25.84,0.0000001575,299712.97
605000,7814,22186,26.05,0.0000001572,304843.63
606000,7969,22031,26.56,0.0000001525,302792.35
607000,7814,22186,26.05,0.0000001568,301938.29
608000,7847,22153,26.16,0.0000001590,305992.18
609000,7947,22053,26.49,0.0000001565,305227.92
610000,7993,22007,26.64,0.0000001571,305583.09
611000,7875,22125,26.25,0.0000001591,305842.91
612000,7893,22107,26.31,0.0000001569,303720.68
613000,7789,22211,25.96,0.0000001595,308201.10
614000,7898,22102,26.33,0.0000001585,308132.85
615000,7962,22038,26.54,0.0000001606,305289.89
616000,7897,22103,26.32,0.0000001565,306450.06
617000,8052,21948,26.84,0.0000001568,308751.35
618000,7957,22043,26.52,0.0000001652,306977.28
619000,7884,22116,26.28,0.0000001707,311428.84
620000,7974,22026,26.58,0.0000001679,311731.46
621000,7913,22087,26.38,0.0000001603,308406.98
622000,7985,22015,26.62,0.0000002144,310305.47
623000,7956,22044,26.52,0.0000001578,313466.42
624000,8047,21953,26.82,0.0000001582,312197.11
625000,8047,21953,26.82,0.0000001582,314005.38
626000,8094,21906,26.98,0.0000001585,313416.66
627000,8137,21863,27.12,0.0000001557,311840.36
628000,8052,21948,26.84,0.0000001557,312656.44
629000,8074,21926,26.91,0.0000001540,310800.55
630000,8028,21972,26.76,0.0000001882,316563.08
631000,8222,21778,27.41,0.0000001602,320059.07
632000,7970,22030,26.57,0.0000001563,313461.82
633000,8101,21899,27.00,0.0000001648,316166.91
634000,8221,21779,27.40,0.0000001580,316439.30
635000,8357,21643,27.86,0.0000001568,319766.87
636000,8176,21824,27.25,0.0000001567,319884.56
637000,8104,21896,27.01,0.0000001581,317887.88
638000,8251,21749,27.50,0.0000001606,322446.06
639000,8314,21686,27.71,0.0000001595,320008.48
640000,8111,21889,27.04,0.0000001555,319378.98
641000,8241,21759,27.47,0.0000001544,321281.49
642000,8223,21777,27.41,0.0000001641,322780.34
643000,8158,21842,27.19,0.0000001635,319769.50
644000,8258,21742,27.53,0.0000001586,317546.18
645000,8131,21869,27.10,0.0000001614,320651.05
646000,8342,21658,27.81,0.0000001609,325552.11
647000,8151,21849,27.17,0.0000001620,323582.37
648000,8337,21663,27.79,0.0000001706,325619.20
649000,8337,21663,27.79,0.0000001595,323874.51
650000,8377,21623,27.92,0.0000001642,330436.64
651000,8279,21721,27.60,0.0000001570,324982.57
652000,8492,21508,28.31,0.0000001565,328039.12
653000,8467,21533,28.22,0.0000001550,323557.06
654000,8299,21701,27.66,0.0000001617,326406.40
655000,8497,21503,28.32,0.0000001625,328246.34
656000,8290,21710,27.63,0.0000001605,328524.19
657000,8445,21555,28.15,0.0000001588,330086.61
658000,8385,21615,27.95,0.0000001606,329779.41
659000,8445,21555,28.15,0.0000001616,326262.20
660000,8469,21531,28.23,0.0000001622,330172.53
661000,8497,21503,28.32,0.0000001589,329646.52
662000,8509,21491,28.36,0.0000001574,328850.60
663000,8571,21429,28.57,0.0000001768,330634.22
664000,8538,21462,28.46,0.0000001570,332026.03
665000,8545,21455,28.48,0.0000001571,336799.58
666000,8501,21499,28.34,0.0000001577,331660.14
667000,8536,21464,28.45,0.0000001639,332786.97
668000,8535,21465,28.45,0.0000001576,335406.86
669000,8542,21458,28.47,0.0000001628,338560.48
670000,8540,21460,28.47,0.0000001595,334884.86
671000,8621,21379,28.74,0.0000001574,336320.54
672000,8712,21288,29.04,0.0000001582,335505.68
673000,8512,21488,28.37,0.0000001632,334922.66
674000,8555,21445,28.52,0.0000001578,335024.47
675000,8683,21317,28.94,0.0000001616,339257.93
676000,8613,21387,28.71,0.0000001572,334506.58
677000,8689,21311,28.96,0.0000001693,341278.85
678000,8427,21573,28.09,0.0000001553,339174.88
679000,8655,21345,28.85,0.0000001597,340133.07
680000,8580,21420,28.60,0.0000001607,341278.81
681000,8543,21457,28.48,0.0000001651,340819.01
682000,8752,21248,29.17,0.0000001585,340171.06
683000,8537,21463,28.46,0.0000001676,340059.57
684000,8781,21219,29.27,0.0000001575,340669.19
685000,8565,21435,28.55,0.0000001692,342011.47
686000,8655,21345,28.85,0.0000001568,346154.75
687000,8668,21332,28.89,0.0000001613,344136.70
688000,8600,21400,28.67,0.0000001588,343511.31
689000,8761,21239,29.20,0.0000001647,346334.11
690000,8689,21311,28.96,0.0000001596,342117.92
691000,8632,21368,28.77,0.0000001600,346449.72
692000,8799,21201,29.33,0.0000001593,348245.38
693000,8792,21208,29.31,0.0000001599,343627.43
694000,8802,21198,29.34,0.0000001591,346738.21
695000,8740,21260,29.13,0.0000001587,347188.13
696000,8886,21114,29.62,0.0000001568,349329.12
697000,8813,21187,29.38,0.0000001743,348688.06
698000,8733,21267,29.11,0.0000001648,348377.24
699000,8868,21132,29.56,0.0000001610,347864.02
700000,8877,21123,29.59,0.0000001625,347457.41
701000,8706,21294,29.02,0.0000001660,354325.40
702000,8821,21179,29.40,0.0000001605,352027.77
703000,8850,21150,29.50,0.0000001577,350952.84
704000,9005,20995,30.02,0.0000001576,350582.11
705000,8877,21123,29.59,0.0000001638,354265.34
706000,8985,21015,29.95,0.0000001637,352502.44
707000,8970,21030,29.90,0.0000001602,352766.46
708000,9091,20909,30.30,0.0000001696,350553.02
709000,8866,21134,29.55,0.0000001686,356027.68
710000,8952,21048,29.84,0.0000001604,356609.05
711000,9041,20959,30.14,0.0000001602,354639.84
712000,8890,21110,29.63,0.0000001606,355798.17
713000,8891,21109,29.64,0.0000001654,357688.80
714000,8955,21045,29.85,0.0000001613,356092.15
715000,8949,21051,29.83,0.0000001612,355133.98
716000,9070,20930,30.23,0.0000001618,359032.21
717000,9233,20767,30.78,0.0000002162,361303.17
718000,9077,20923,30.26,0.0000001783,360627.79
719000,8975,21025,29.92,0.0000001645,357391.12
720000,9132,20868,30.44,0.0000001613,358522.92
721000,9008,20992,30.03,0.0000001648,362039.54
722000,9198,20802,30.66,0.0000001653,362535.12
723000,9029,20971,30.10,0.0000001628,360658.18
724000,9186,20814,30.62,0.0000001648,362115.42
725000,9157,20843,30.52,0.0000001619,364123.23
726000,9106,20894,30.35,0.0000001579,364332.27
727000,8970,21030,29.90,0.0000001591,363406.10
728000,9224,20776,30.75,0.0000001980,364383.18
729000,9274,20726,30.91,0.0000001605,366464.64
730000,9091,20909,30.30,0.0000001596,362073.58
731000,9273,20727,30.91,0.0000001639,365614.22
732000,9060,20940,30.20,0.0000001630,365241.67
733000,9200,20800,30.67,0.0000002317,367118.14
734000,9184,20816,30.61,0.0000001700,369410.49
735000,9270,20730,30.90,0.0000001663,370859.83
736000,9331,20669,31.10,0.0000001619,367872.27
737000,9168,20832,30.56,0.0000001608,367777.70
738000,9149,20851,30.50,0.0000001602,371951.29
739000,9228,20772,30.76,0.0000001667,369505.89
740000,9397,20603,31.32,0.0000001598,368143.86
741000,9285,20715,30.95,0.0000001613,367921.24
742000,9306,20694,31.02,0.0000001738,373498.62
743000,9279,20721,30.93,0.0000001631,369494.70
744000,9382,20618,31.27,0.0000001794,374947.94
745000,9339,20661,31.13,0.0000001709,377109.37
746000,9293,20707,30.98,0.0000001794,372099.79
747000,9433,20567,31.44,0.0000001646,374691.21
748000,9376,20624,31.25,0.0000001681,369880.07
749000,9387,20613,31.29,0.0000001684,377134.14
750000,9445,20555,31.48,0.0000001633,375537.72
751000,9485,20515,31.62,0.0000001627,375530.80
752000,9353,20647,31.18,0.0000001749,375235.04
753000,9494,20506,31.65,0.0000001674,374280.19
754000,9365,20635,31.22,0.0000001682,373922.88
755000,9376,20624,31.25,0.0000001712,372686.99
756000,9399,20601,31.33,0.0000001770,380633.62
757000,9426,20574,31.42,0.0000001643,374814.46
758000,9334,20666,31.11,0.0000001612,374221.61
759000,9416,20584,31.39,0.0000001593,380954.89
760000,9588,20412,31.96,0.0000001604,384117.49
761000,9666,20334,32.22,0.0000001740,380074.83
762000,9507,20493,31.69,0.0000001657,380666.07
763000,9479,20521,31.60,0.0000001700,378389.27
764000,9539,20461,31.80,0.0000001610,382263.47
765000,9383,20617,31.28,0.0000001712,379579.38
766000,9602,20398,32.01,0.0000001694,380903.54
767000,9517,20483,31.72,0.0000001642,384520.26
768000,9500,20500,31.67,0.0000001591,383882.83
769000,9560,20440,31.87,0.0000001588,381534.80
770000,9598,20402,31.99,0.0000001624,385872.92
771000,9520,20480,31.73,0.0000001722,387707.30
772000,9637,20363,32.12,0.0000001667,385879.06
773000,9710,20290,32.37,0.0000001622,386501.89
774000,9669,20331,32.23,0.0000001585,394016.86
775000,9567,20433,31.89,0.0000001731,387623.56
776000,9591,20409,31.97,0.0000001644,389323.13
777000,9635,20365,32.12,0.0000001776,385876.45
778000,9718,20282,32.39,0.0000001736,389449.75
779000,9735,20265,32.45,0.0000001585,391787.58
780000,9733,20267,32.44,0.0000001609,388403.94
781000,9651,20349,32.17,0.0000001695,390068.60
782000,9674,20326,32.25,0.0000001673,390555.53
783000,9734,20266,32.45,0.0000001613,392362.49
784000,9742,20258,32.47,0.0000001658,390466.10
785000,9713,20287,32.38,0.0000001657,394381.93
786000,9719,20281,32.40,0.0000001674,390420.83
787000,9854,20146,32.85,0.0000001659,390967.28
788000,9905,20095,33.02,0.0000001611,397092.71
789000,9807,20193,32.69,0.0000001603,397174.73
790000,9699,20301,32.33,0.0000001765,395783.64
791000,9872,20128,32.91,0.0000001602,396584.17
792000,9801,20199,32.67,0.0000001658,394154.45
793000,9839,20161,32.80,0.0000001623,399642.23
794000,9891,20109,32.97,0.0000001594,398468.95
795000,9923,20077,33.08,0.0000001589,395444.32
796000,9836,20164,32.79,0.0000001647,396579.84
797000,9862,20138,32.87,0.0000001648,398327.24
798000,9862,20138,32.87,0.0000001608,396285.69
799000,9852,20148,32.84,0.0000001614,399314.51
800000,9930,20070,33.10,0.0000001721,393034.04
801000,9804,20196,32.68,0.0000001762,402771.25
802000,9950,20050,33.17,0.0000001613,398208.66
803000,9743,20257,32.48,0.0000001730,397102.87
804000,9795,20205,32.65,0.0000001591,400711.15
805000,9966,20034,33.22,0.0000001747,397510.27
806000,9978,20022,33.26,0.0000001601,398040.95
807000,9822,20178,32.74,0.0000001732,406740.87
808000,9965,20035,33.22,0.0000001659,402050.56
809000,9914,20086,33.05,0.0000001699,406358.09
810000,9995,20005,33.32,0.0000001634,407338.73
811000,9888,20112,32.96,0.0000001682,407080.46
812000,9950,20050,33.17,0.0000001652,408984.68
813000,9931,20069,33.10,0.0000001669,407999.52
814000,9950,20050,33.17,0.0000001618,406054.29
815000,10048,19952,33.49,0.0000001773,406621.29
816000,9987,20013,33.29,0.0000001619,409139.22
817000,10072,19928,33.57,0.0000001668,408596.60
818000,10098,19902,33.66,0.0000001613,406541.74
819000,10088,19912,33.63,0.0000001712,406552.39
820000,10156,19844,33.85,0.0000001603,411988.72
821000,10011,19989,33.37,0.0000001632,406901.88
822000,10091,19909,33.64,0.0000001610,414525.61
823000,10075,19925,33.58,0.0000001630,408903.63
824000,10231,19769,34.10,0.0000001706,410314.48
825000,9915,20085,33.05,0.0000001604,411529.22
826000,10171,19829,33.90,0.0000001669,416285.38
827000,10218,19782,34.06,0.0000001764,417298.27
828000,10143,19857,33.81,0.0000001629,415940.61
829000,10077,19923,33.59,0.0000001692,414582.49
830000,10241,19759,34.14,0.0000001705,413811.95
831000,10235,19765,34.12,0.0000001622,413221.69
832000,10175,19825,33.92,0.0000001662,417950.86
833000,10177,19823,33.92,0.0000001658,418361.35
834000,10102,19898,33.67,0.0000001740,414477.89
835000,10258,19742,34.19,0.0000001643,418006.01
836000,10341,19659,34.47,0.0000001651,420148.36
837000,10262,19738,34.21,0.0000001619,417606.52
838000,10333,19667,34.44,0.0000001649,417516.65
839000,10304,19696,34.35,0.0000001643,417783.80
840000,10334,19666,34.45,0.0000001640,419293.12
841000,10279,19721,34.26,0.0000001609,419487.19
842000,10400,19600,34.67,0.0000001749,420787.99
843000,10186,19814,33.95,0.0000001662,420376.17
844000,10367,19633,34.56,0.0000001643,420101.13
845000,10298,19702,34.33,0.0000001782,418726.64
846000,10339,19661,34.46,0.0000001768,419537.90
847000,10287,19713,34.29,0.0000001615,424776.10
848000,10364,19636,34.55,0.0000001766,425426.24
849000,10632,19368,35.44,0.0000001873,423817.39
850000,10350,19650,34.50,0.0000001659,422963.84
851000,10452,19548,34.84,0.0000001658,425029.40
852000,10407,19593,34.69,0.0000001676,431518.47
853000,10429,19571,34.76,0.0000001627,429677.29
854000,10330,19670,34.43,0.0000001722,425296.28
855000,10584,19416,35.28,0.0000001664,426294.80
856000,10467,19533,34.89,0.0000001633,428261.61
857000,10487,19513,34.96,0.0000001632,432132.22
858000,10512,19488,35.04,0.0000001622,424359.34
859000,10380,19620,34.60,0.0000001757,427873.31
860000,10453,19547,34.84,0.0000001601,431357.17
861000,10492,19508,34.97,0.0000001679,430296.38
862000,10472,19528,34.91,0.0000001646,432500.06
863000,10448,19552,34.83,0.0000001621,429809.72
864000,10487,19513,34.96,0.0000001619,432341.03
865000,10453,19547,34.84,0.0000001661,432208.77
866000,10476,19524,34.92,0.0000001673,431777.58
867000,10496,19504,34.99,0.0000001646,430456.02
868000,10603,19397,35.34,0.0000001648,434620.27
869000,10593,19407,35.31,0.0000001654,439438.42
870000,10507,19493,35.02,0.0000001671,428864.77
871000,10477,19523,34.92,0.0000001673,434215.87
872000,10617,19383,35.39,0.0000001620,436065.09
873000,10639,19361,35.46,0.0000001607,430244.81
874000,10718,19282,35.73,0.0000001685,435740.38
875000,10642,19358,35.47,0.0000001659,436888.25
876000,10574,19426,35.25,0.0000001661,439912.55
877000,10643,19357,35.48,0.0000001707,433378.99
878000,10688,19312,35.63,0.0000001647,440268.77
879000,10677,19323,35.59,0.0000001638,438488.09
880000,10661,19339,35.54,0.0000001745,440215.15
881000,10678,19322,35.59,0.0000001655,436619.78
882000,10596,19404,35.32,0.0000001622,439255.45
883000,10566,19434,35.22,0.0000001897,443442.86
884000,10703,19297,35.68,0.0000001670,438674.29
885000,10702,19298,35.67,0.0000001727,448534.03
886000,10573,19427,35.24,0.0000001638,444194.64
887000,10719,19281,35.73,0.0000001630,442439.89
888000,10957,19043,36.52,0.0000001617,441534.38
889000,10975,19025,36.58,0.0000001670,445643.94
890000,10678,19322,35.59,0.0000001666,445453.75
891000,10883,19117,36.28,0.0000001642,443229.02
892000,10792,19208,35.97,0.0000001645,444115.26
893000,10749,19251,35.83,0.0000001670,448885.11
894000,10751,19249,35.84,0.0000001663,447088.82
895000,10871,19129,36.24,0.0000001717,444456.90
896000,10853,19147,36.18,0.0000001661,446579.84
897000,10752,19248,35.84,0.0000001754,449131.60
898000,10838,19162,36.13,0.0000001742,450024.28
899000,10751,19249,35.84,0.0000001721,450005.91
900000,10863,19137,36.21,0.0000001617,446070.20
901000,10717,19283,35.72,0.0000001675,449956.59
902000,10959,19041,36.53,0.0000001671,447506.43
903000,10821,19179,36.07,0.0000001647,455611.24
904000,10878,19122,36.26,0.0000001646,452513.39
905000,10902,19098,36.34,0.0000001659,454873.21
906000,11012,18988,36.71,0.0000001646,449420.19
907000,10982,19018,36.61,0.0000001630,455075.63
908000,11123,18877,37.08,0.0000001658,454031.15
909000,10998,19002,36.66,0.0000001659,452491.38
910000,10923,19077,36.41,0.0000001681,454069.46
911000,10905,19095,36.35,0.0000001695,453212.75
912000,11071,18929,36.90,0.0000001756,453649.14
913000,10908,19092,36.36,0.0000001634,457040.51
914000,11140,18860,37.13,0.0000001641,453026.09
915000,11038,18962,36.79,0.0000001793,456478.49
916000,10878,19122,36.26,0.0000001655,457143.44
917000,11010,18990,36.70,0.0000001638,456784.72
918000,10967,19033,36.56,0.0000001669,459549.05
919000,11178,18822,37.26,0.0000001741,458143.73
920000,10995,19005,36.65,0.0000001670,461283.92
921000,11262,18738,37.54,0.0000001679,461782.44
922000,11056,18944,36.85,0.0000001655,466291.34
923000,10945,19055,36.48,0.0000001662,460415.50
924000,11140,18860,37.13,0.0000001686,466388.66
925000,10941,19059,36.47,0.0000001697,465807.19
926000,11215,18785,37.38,0.0000001631,459903.49
927000,11127,18873,37.09,0.0000001748,463534.54
928000,11196,18804,37.32,0.0000001659,463580.13
929000,11134,18866,37.11,0.0000001694,463410.67
930000,11175,18825,37.25,0.0000001656,463369.54
931000,11201,18799,37.34,0.0000001633,465810.09
932000,11196,18804,37.32,0.0000001669,465264.31
933000,11147,18853,37.16,0.0000001646,463646.15
934000,11085,18915,36.95,0.0000001764,466368.69
935000,11048,18952,36.83,0.0000001644,465092.13
936000,11207,18793,37.36,0.0000001612,467856.46
937000,11379,18621,37.93,0.0000001720,467871.54
938000,11076,18924,36.92,0.0000001721,476851.84
939000,11381,18619,37.94,0.0000001657,469934.22
940000,11318,18682,37.73,0.0000001658,465336.27
941000,11207,18793,37.36,0.0000001666,469166.68
942000,11334,18666,37.78,0.0000001692,472391.88
943000,11352,18648,37.84,0.0000001658,470577.48
944000,11243,18757,37.48,0.0000001648,469986.41
945000,11273,18727,37.58,0.0000001671,476820.92
946000,11299,18701,37.66,0.0000001644,472273.84
947000,11162,18838,37.21,0.0000001696,473057.78
948000,11279,18721,37.60,0.0000001656,471968.51
949000,11390,18610,37.97,0.0000001641,475945.50
950000,11232,18768,37.44,0.0000001719,471693.25
951000,11254,18746,37.51,0.0000001669,473864.31
952000,11192,18808,37.31,0.0000001670,477812.69
953000,11374,18626,37.91,0.0000001645,476095.22
954000,11451,18549,38.17,0.0000001668,477768.11
955000,11368,18632,37.89,0.0000001692,472238.00
956000,11467,18533,38.22,0.0000001695,479958.59
957000,11363,18637,37.88,0.0000001658,478964.53
958000,11406,18594,38.02,0.0000001805,476551.57
959000,11337,18663,37.79,0.0000001777,479126.78
960000,11343,18657,37.81,0.0000001692,476208.86
961000,11439,18561,38.13,0.0000001676,485016.86
962000,11460,18540,38.20,0.0000001746,477455.16
963000,11439,18561,38.13,0.0000001693,486472.86
964000,11439,18561,38.13,0.0000001668,481559.18
965000,11505,18495,38.35,0.0000002448,481118.24
966000,11480,18520,38.27,0.0000001720,482546.31
967000,11427,18573,38.09,0.0000001634,481086.16
968000,11550,18450,38.50,0.0000001703,481855.66
969000,11491,18509,38.30,0.0000001655,487582.03
970000,11633,18367,38.78,0.0000001781,485423.39
971000,11474,18526,38.25,0.0000001733,486091.67
972000,11417,18583,38.06,0.0000001664,487455.87
973000,11608,18392,38.69,0.0000001698,488195.83
974000,11483,18517,38.28,0.0000001658,489898.45
975000,11680,18320,38.93,0.0000001676,489186.87
976000,11553,18447,38.51,0.0000001791,489262.95
977000,11693,18307,38.98,0.0000001671,488375.90
978000,11514,18486,38.38,0.0000001671,488701.89
979000,11592,18408,38.64,0.0000001721,488933.05
980000,11657,18343,38.86,0.0000001670,484240.11
981000,11631,18369,38.77,0.0000001671,485407.67
982000,11670,18330,38.90,0.0000001677,491731.27
983000,11772,18228,39.24,0.0000001768,492624.05
984000,11601,18399,38.67,0.0000001706,491532.83
985000,11541,18459,38.47,0.0000001635,496059.76
986000,11719,18281,39.06,0.0000001655,498377.15
987000,11711,18289,39.04,0.0000001680,496578.22
988000,11753,18247,39.18,0.0000001671,493255.97
989000,11711,18289,39.04,0.0000001687,497833.90
990000,11479,18521,38.26,0.0000001661,494983.64
991000,11684,18316,38.95,0.0000001647,494186.73
992000,11797,18203,39.32,0.0000001668,497036.44
993000,11677,18323,38.92,0.0000001652,497934.27
994000,11819,18181,39.40,0.0000001686,495242.12
995000,11636,18364,38.79,0.0000001700,500074.79
996000,11804,18196,39.35,0.0000001651,501902.54
997000,11677,18323,38.92,0.0000001656,499249.88
998000,11855,18145,39.52,0.0000001698,498771.90
999000,11752,18248,39.17,0.0000001658,501243.63
1000000,11793,18207,39.31,0.0000001771,503600.67
